tag_names,tag_counts,tags
c#,237,c#
java,215,java
.net,93,.net
linq,22,linq
sql,75,sql
sql-server,49,sql
mysql,64,sql
git,111,git
github,9,git
jsf,1,java
jsf-2,1,java
servlets,2,java
asp.net-mvc,17,.net
asp.net-mvc-3,6,.net
python,276,python
python-3.x,21,python
javascript,307,javascript
android,75,android
html,105,html
c,79,c
r,40,r
pandas,28,data-analysis
dataframe,21,data-analysis
regex,52,regex
bash,64,linux
css,79,css
php,93,php
jquery,112,javascript
delphi,8,delphi
angular,10,javascript
django,18,python-django
postgresql,20,sql
firebase,4,firebase
c++,178,cpp
swift,27,swift
ios,49,ios
performance,29,performance
branch-prediction,2,software-programming-concepts
cpu-architecture,2,software-programming-concepts
git-branch,14,git
version-control,19,git
git-push,6,git
git-remote,4,git
string,70,software-programming-concepts
concatenation,4,software-programming-concepts
syntax,8,software-programming-concepts
string-concatenation,1,software-programming-concepts
ruby,37,ruby
intellij-idea,8,ide
angularjs,14,javascript
arrays,71,software-programming-concepts
go,9,go
algorithm,26,algorithm
perl,17,perl
tkinter,1,python
rust,4,rust
list,32,software-programming-concepts
twitter-bootstrap,12,javascript
bootstrap-4,2,javascript
objective-c,26,objective-c
windows,31,windows
powershell,9,windows
unix,11,linux
vim,22,linux
grep,7,linux
ruby-on-rails,26,ruby
apache-spark,1,apache
apache-spark-sql,2,sql
pyspark,2,data-analysis
matplotlib,7,data-analysis
database,26,database
shell,24,linux
assembly,9,assembly
x86,4,cpu-architecture
mongodb,16,mongodb
node.js,22,javascript
mongoose,5,mongodb
scala,9,scala
http,14,http
dictionary,21,software-programming-concepts
iphone,20,
tsql,18,sql
join,7,sql
inner-join,3,sql
outer-join,2,sql
java-8,10,java
git-pull,4,git
git-fetch,4,git
promise,3,javascript
multithreading,20,software-programming-concepts
reactjs,11,javascript
c++11,25,cpp
c++-faq,4,cpp
macos,19,
typescript,16,typescript
oop,19,software-programming-concepts
datetime,18,software-programming-concepts
xml,23,xml
xpath,6,javascript
wpf,16,
loops,15,software-programming-concepts
json,27,javascript
templates,15,
eclipse,15,ide
flutter,6,flutter
unit-testing,15,software-programming-concepts
oracle,12,database
date,14,software-programming-concepts
css-selectors,3,css
ruby-on-rails-3,14,ruby
momentjs,1,javascript
function,14,software-programming-concepts
haskell,13,haskell
functional-programming,13,software-programming-concepts
xcode,13,
exception,13,software-programming-concepts
git-rm,2,git
math,13,software-programming-concepts
winforms,13,
operator-overloading,2,software-programming-concepts
operators,7,software-programming-concepts
debugging,13,software-programming-concepts
asp.net,45,.net
amazon-s3,3,aws
pointers,12,software-programming-concepts
generics,12,software-programming-concepts
vb.net,6,.net
url,11,software-programming-concepts
file,11,software-programming-concepts
enums,10,software-programming-concepts
types,10,software-programming-concepts
rest,10,software-programming-concepts
sed,10,software-programming-concepts
phpexcel,1,php
directory,10,
cocoa-touch,10,
visual-studio,10,ide
git-squash,3,git
linux,40,linux
swing,9,
file-io,9,
laravel,9,
branch,9,
dom,9,javascript
events,9,
spring,9,
excel,9,
cocoa,9,
select,9,
html5-canvas,2,html
data-structures,9,software-programming-concepts
docker-compose,4,docker
android-activity,5,android
forms,9,
batch-file,8,
maven,8,maven
object,8,
ggplot2,11,r
numpy,13,data-analysis
parsing,8,
collections,8,
comparison-operators,1,software-programming-concepts
split,8,
hash,8,software-programming-concepts
entity-framework,7,
repository,7,git
kotlin,7,kotlin
unicode,7,software-programming-concepts
ecmascript-6,7,javascript
indexing,7,software-programming-concepts
image,7,
command-line,7,
javafx-8,2,java
hibernate,7,java
matlab,7,matlab
integer,7,software-programming-concepts
svn,7,git
tuples,7,python
gcc,7,cpp
logging,6,software-programming-concepts
command,6,
jsonp,1,javascript
uitableview,6,
generator,6,
java-stream,4,java
android-layout,7,android
azure,6,azure
remote-branch,6,git
gradle,6,
casting,6,
android-architecture-navigation,1,android
android-fragments,3,android
spring-boot,6,java
exception-handling,6,software-programming-concepts
comments,6,
language-agnostic,6,
path,6,
arraylist,6,software-programming-concepts
plsql,4,sql
encryption,6,software-programming-concepts
validation,6,
pip,6,python
if-statement,6,software-programming-concepts
constants,6,software-programming-concepts
group-by,6,software-programming-concepts
sql-server-2008,5,sql
stl,6,
vector,6,
design-patterns,6,
escaping,6,
plot,5,python
inheritance,6,
python-2.7,11,python
colors,6,
flexbox,5,
scripting,5,
python-module,2,python
browser,5,
xslt,5,
redirect,5,
append,5,
filenames,5,
canvas,5,
terminal,5,
text,5,
wcf,5,
ajax,15,javascript
opengl,5,
vba,5,
tensorflow,5,tensorflow
video,5,
visual-studio-code,5,ide
scope,5,
time-complexity,5,software-programming-concepts
operating-system,5,cpu-architecture
makefile,5,cpp
sorting,5,software-programming-concepts
visual-c++,3,cpp
aws-lambda,2,aws
hashmap,5,software-programming-concepts
jquery-ui,4,javascript
iteration,5,software-programming-concepts
null,5,software-programming-concepts
csv,5,software-programming-concepts
sockets,5,software-programming-concepts
python-unicode,1,python
random,5,
email,5,
reference,5,
error-handling,5,software-programming-concepts
security,5,software-programming-concepts
razor,5,
environment-variables,5,software-programming-concepts
uiview,5,
optimization,5,
javascript-objects,4,javascript
concurrency,5,software-programming-concepts
amazon-web-services,4,aws
dart,4,
curl,1,linux
rebase,4,git
search,4,
module,4,
pandas-loc,1,python
xaml,4,
image-processing,4,image-processing
google-maps,3,google
google-maps-api-3,2,google
namespaces,4,
google-bigquery,1,gcp
phpstorm,2,php
google-apps-script,1,gcp
r-faq,4,
git-add,3,git
event-handling,4,
code-formatting,4,
javafx,1,java
iterator,4,
merge,4,
replace,4,
mongodb-query,3,mongodb
.htaccess,1,java
data.table,4,
svg,4,
for-loop,4,
ffmpeg,4,
slice,4,
clojure,4,
newline,4,
floating-point,4,
docker,9,docker
qt,4,
git-amend,1,git
git-commit,4,git
git-rewrite-history,3,git
import,4,
facebook,4,
deep-learning,4,
git-tag,4,git
annotations,4,
arguments,4,
ruby-on-rails-4,4,ruby
rounding,4,
stored-procedures,4,
struct,4,
layout,4,
machine-learning,4,machine-learning
ubuntu,4,linux
git-rebase,2,git
git-reset,1,git
language-lawyer,4,
ssh,4,linux
asp.net-core,3,.net
reflection,4,
express,4,
qt-creator,4,
angular-ui-router,2,javascript
json.net,2,.net
winapi,4,
cookies,4,
authentication,4,authentication
git-checkout,2,git
static,4,
git-merge,2,git
matrix,4,
git-merge-conflict,1,git
activerecord,4,
database-design,4,
google-cloud-firestore,1,gcp
lambda,4,
mercurial,4,
class,4,
garbage-collection,4,software-programming-concepts
f#,3,f#
dependency-injection,3,
file-extension,3,
knockout.js,3,javascript
jtable,3,
command-line-interface,3,
dom-events,3,
io,3,
react-router,2,javascript
post,3,
terminology,3,
grails,3,
dplyr,3,
mvvm,3,
ms-access,4,cpp
idioms,3,
docker-container,2,docker
pyqt,1,python
line-breaks,3,
jframe,3,
button,3,
ellipsis,3,
sh,3,
google-sheets,2,google
google-sheets-formula,1,google
undo,3,
git-stash,1,git
lisp,3,
git-diff,2,git
find,3,
jpa,3,
ssl,3,
google-chrome-extension,2,google
vue.js,3,javascript
async-await,3,
nlp,3,nlp
include,3,
formatting,3,
numbers,3,
memory-management,3,
git-cherry-pick,1,git
git-clone,5,git
d3.js,2,javascript
scipy,2,data-analysis
substring,3,software-programming-concepts
opencv,3,data-analysis
initialization,3,
embedded,3,
margin,3,
spring-mvc,3,
html-input,2,html
parameters,3,
ascii,3,
constraints,3,
md5,3,
ienumerable,3,
foreach,3,
setuptools,3,
keyboard-shortcuts,3,
typeclass,3,
parameter-passing,3,
configuration,3,
uilabel,3,
visual-studio-2010,3,
jestjs,1,javascript
google-app-engine,3,google
programming-languages,3,
github-flavored-markdown,1,git
task-parallel-library,3,
visual-studio-2008,3,
visual-studio-2012,3,
three.js,2,javascript
sql-update,3,sql
copy-paste,3,
int,3,
missing-data,3,
comparison,3,
ipad,3,
jquery-validate,3,javascript
list-comprehension,3,
jslint,1,javascript
duplicates,3,
keyword,3,
emacs,3,
google-api,1,google
constructor,3,
user-interface,3,
azure-devops,3,azure
npm,3,
screen,3,
time,3,
heroku,3,
timer,3,
declaration,3,
resources,3,
multidimensional-array,3,
c-preprocessor,3,
volatile,3,
internet-explorer,3,
uikit,3,
filepath,3,
cordova,3,
core-animation,3,
recursion,3,
gitignore,6,git
stream,3,
malloc,3,
tcp,3,
uiimagepickercontroller,3,
delegates,3,
notifications,3,
autolayout,3,
singleton,3,
sql-server-2005,4,sql
jasmine,3,
hyperlink,3,
.net-core,4,.net
virtual-machine,3,virtual-machine
mime-types,2,
content-type,2,
extend,2,
delete-file,2,
squash,2,
rxjs,2,javascript
composite,2,
view,2,
terraform,2,
vi,2,
program-entry-point,2,
lodash,2,
uibutton,2,
atomic,2,
http-get,1,http
docker-networking,1,docker
compression,2,
overwrite,2,
psql,1,sql
common-lisp,2,
visibility,2,
cmd,2,
awk,2,
iis,2,
type-conversion,2,
letter,2,
capitalize,2,
jquery-selectors,4,javascript
flask,2,
jackson,2,
trim,2,
cherry-pick,2,
java-11,1,java
big-o,2,
alignment,2,
vertical-alignment,2,
markdown,2,
sublimetext2,2,
properties,2,
openssl,2,
anaconda,3,python
git-filter-branch,1,git
attributes,2,
stack,2,
android-studio,4,android
heap-memory,2,
indentation,2,
httprequest,3,http
http-headers,4,http
background-color,2,javascript
contains,2,
google-play,2,google
case-insensitive,2,
multiprocessing,2,
pdf,2,
mockito,2,
apply,2,
tomcat,2,
nullpointerexception,2,
profiling,2,
postgresql-copy,2,sql
delphi-2010,1,delphi
delphi-2009,1,delphi
swift3,2,swift
xamarin.ios,1,ios
radio-button,2,
std-pair,2,
phoenix-framework,2,
web-scraping,2,
padding,2,
angular-lifecycle-hooks,1,javascript
double,2,
immutability,2,
c99,2,
asp.net-web-api,5,.net
editor,2,
timezone,2,
xcode4,2,
case-sensitive,2,
fortran90,2,
cron,2,
pass-by-reference,2,
session,2,
orientation,2,
imageview,2,
size-t,2,
language-design,2,
key,2,
reverse-engineering,2,
geometry,2,
installation,2,
styles,2,
fonts,2,
parent,2,
super,2,
return-type,2,
checksum,2,
migration,2,
editortemplates,2,
naming-conventions,2,
passwords,2,
interactive,2,
textview,2,
java-time,2,java
word-wrap,2,
rotation,2,
settimeout,2,
ant,2,
variables,2,
sql-function,2,sql
click,2,
optional-parameters,2,
methods,2,
aspectj,2,
soap,2,
pypi,2,python
sql-insert,1,sql
lifetime,2,
expression,2,
asynchronous,2,
websocket,2,
core-data,2,
nuget,2,
typedef,2,
carriage-return,2,
proxy,2,
symfony,2,
neural-network,2,
default,2,
githooks,1,git
linq-to-objects,1,linq
boost,2,
ghc,2,
html-entities,1,html
socket.io,2,
.net-core-3.0,1,.net
asp.net-core-mvc,2,.net
javadoc,1,java
synchronization,2,
mkdir,2,
bind,2,
input,2,
compiler-construction,2,
nsstring,2,
prolog,2,
aop,2,
apache,4,apache
decimal-point,2,
character,2,
html5-video,1,html
excel-formula,2,
jquery-animate,1,javascript
mocking,2,
file-upload,2,
command-prompt,2,
objective-c-blocks,2,objective-c
ide,2,
string-comparison,2,software-programming-concepts
jinja2,2,
calayer,2,
rubygems,2,ruby
google-cloud-functions,2,gcp
camera,2,
webpack,2,
sublimetext3,2,
switch-statement,2,
swift4,1,swift
networking,2,
ios11,1,ios
jstl,1,javascript
polymorphism,2,
textures,2,
gridview,2,
bootstrap-modal,1,javascript
graphics,2,
filter,2,
debian,2,
systemd,2,
themes,2,
okhttp,1,http
http-post,1,http
android-json,1,android
sublimetext,2,
option-type,2,
babeljs,1,javascript
visual-studio-2013,2,
explode,2,
statistics,2,
internet-explorer-8,2,
microservices,2,
cython,2,
mysqli,1,sql
heatmap,2,
nsurlconnection,2,
api,2,
css-reset,1,css
coffeescript,2,
visual-studio-2015,2,
python-requests,1,python
android-api-levels,1,android
arm,2,
decltype,2,
symlink,2,
jdbc,2,
triggers,2,
process,2,
primitive,2,
updatepanel,2,
orm,2,
domain-driven-design,2,
temporary-files,2,
ghci,2,
unique,2,
wsdl,2,
model,2,
django-database,1,python-django
routing,2,
google-play-console,1,gcp
decimal,2,
msbuild,2,
android-edittext,1,android
count,2,
redux,1,
remote-server,1,
stack-trace,1,
java.util.date,1,java
hook-woocommerce,1,
checkout,1,
streamreader,1,
embedded-resource,1,
argparse,1,
elixir,1,
google-chrome,3,gcp
pycharm,1,python
chrono,1,
move-semantics,1,
sql-server-2012,3,sql
logstash,1,
setinterval,1,
vbscript,1,
put,1,
glsl,1,
date-formatting,1,
django-views,2,python-django
synchronous,1,
execution,1,
quotes,1,
ssms,1,
save,1,
linq-to-sql,1,linq
menuitem,1,
opengl-es,1,
xts,1,
long-lines,1,
chat,1,
nonatomic,1,
applet,1,
layout-manager,1,
obfuscation,1,
deobfuscation,1,
preventdefault,1,
stoppropagation,1,
beautifulsoup,1,
vuejs2,3,javascript
c#-4.0,1,c#
overflow,1,
google-chrome-devtools,3,gcp
windows-xp,1,windows
modulo,1,
integer-division,1,
comet,1,
ioc-container,1,
inversion-of-control,1,
nokogiri,1,
jaxb,1,
jmeter,1,
php-7,1,php
pretty-print,1,
minify,1,
unminify,1,
servicestack,1,
cuda,1,
sleep,1,
typeof,1,
jsch,1,javascript
tcl,1,
ios7,3,ios
revert,1,
posix,1,
feature-branch,1,
merge-conflict-resolution,1,
unity3d,1,
each,1,
file-copying,1,
recovery,1,
nltk,1,
asp.net-mvc-partialview,2,.net
laravel-5,1,
nosql,1,nosql
nuxt.js,1,javascript
spring-integration,1,
var,1,
let,1,
disabled-input,1,
yaml,1,
virtual-functions,1,
abstract,1,
readme,1,
tfs,1,
conditional-operator,2,software-programming-concepts
solr,1,
aggregation-framework,1,
use-strict,1,
css-shapes,1,css
android-softkeyboard,2,android
webgl,1,
.net-attributes,1,.net
jq,1,
nsis,1,
gzip,1,
zlib,1,
zip,1,
dynamic-memory-allocation,1,
lowercase,1,
uppercase,1,
jvm,1,
greasemonkey,1,
jsfiddle,1,java
phony-target,1,
regex-group,1,
capturing-group,1,
cryptography,1,
table-structure,1,
laravel-4,1,
rdf,1,
ghostscript,1,
imagemagick,1,
multiple-columns,1,
genetics,1,
uninstallation,1,
django-models,1,python-django
unset,1,
mysql-python,1,python
architecture,5,cpu-architecture
tablesorter,1,
dynamic-languages,1,
prototype-oriented,1,
self,1,
static-methods,1,
set,1,
ngoninit,1,
chained-assignment,1,
hashcode,1,
subdirectory,1,
directory-tree,1,
plone,1,
openid,1,
nsregularexpression,1,
jersey,1,
jax-rs,1,
vue-router,1,
ios4,4,ios
ieee-754,1,
edit,1,
mapping,1,
reverse,1,
keystore,1,
dependency-management,1,
var-dump,1,
filesize,1,
android-keystore,1,android
firebase-storage,1,firebase
google-cloud-platform,2,gcp
code-snippets,1,
easy-install,1,
video-processing,1,
django-admin,2,python-django
vpython,1,python
matching,1,
xcode11,1,
retrofit,1,
unions,1,
deployment,1,
webserver,1,
iqueryable,1,
spring-data-jpa,1,
iframe,1,
height,1,
scrollbar,1,
swifty-json,1,swift
delayedvariableexpansion,1,
heredoc,1,
swagger-editor,1,
diff,1,
ping,1,
homebrew,1,
c11,1,
rethrow,1,
position,1,
max-allowed-packet,1,
react-router-dom,1,javascript
nexus,1,
grails-plugin,1,
meteor-blaze,1,
junit,1,
mariadb,1,
image-resizing,1,image-processing
angular2-ngmodel,1,javascript
build-process,1,
source-maps,1,
new-operator,2,software-programming-concepts
mocha.js,2,javascript
alter,1,
controller,1,
concat,1,
preflight,1,
rx-java,1,java
core-location,1,
web-crawler,1,
dbscan,1,
undefined-behavior,1,
itext7,1,
express-graphql,1,
gtable,1,
r-grid,1,
distinct,1,
uicollectionview,1,
filtering,1,
whitelist,1,
windows-7,1,windows
git-bash,2,git
pascalscript,1,
dpi,1,
android-intent,2,android
screen-density,1,
memory-leaks,1,
dump,1,
windows-mobile,1,windows
audio,1,
schema,1,
definition,1,
database-table,1,
decompiling,1,
package.json,2,javascript
oracle10g,1,database
shadowing,1,
drag-and-drop,1,
firefox,1,
cygwin,1,
cmake,1,
msys,1,
spring-data-jdbc,1,
resharper,1,
nunit,1,
gitosis,1,git
python-2.6,1,python
resharper-2016,1,
todo,1,
https,2,http
emacs-faces,1,
tostring,1,javascript
viper-mode,1,
flyspell,1,
windows-7-x64,1,windows
jquery-plugins,1,javascript
window,1,
undo-redo,1,
template-literals,1,
oauth,1,
ntfs,1,
name-length,1,
cross-platform,1,
platform-specific,1,
scikit-learn,1,
mp3,1,
nullable,1,
type-hinting,1,
powershell-2.0,2,windows
documentation,1,
kdoc,1,
predicate,1,
c++14,3,cpp
splat,1,
window.location,1,
blowfish,1,
string-literals,1,software-programming-concepts
des,1,
tripledes,1,
function-composition,1,
whitespace,1,
capitalization,1,
prompt,1,
2d,1,
git-submodules,2,git
delphi-xe2,2,delphi
delphi-xe,1,delphi
amazon-dynamodb,2,aws
uwsgi,1,
intptr,1,
stdstring,1,software-programming-concepts
extern,1,
printf,1,
amazon-ec2,2,aws
hex,1,
statsmodels,1,
base64,1,
teradata,1,
seo,1,
tail,1,
broadcastreceiver,1,
uibarbuttonitem,1,
marshalling,1,
gofmt,1,
channel,1,
shared-libraries,1,
cross-browser,1,
java-me,1,java
generic-programming,1,
scrap-your-boilerplate,1,
scala-collections,3,scala
quickcheck,1,
monad-transformers,1,
fold,1,
kernel,1,
ubuntu-12.04,1,linux
httpd.conf,1,http
console,1,
apache-modules,1,apache
apache2.4,1,apache
ssis,1,
ef-core-2.2,1,
blob,1,
media-queries,1,
c++-cli,1,cpp
key-bindings,1,
dot-emacs,1,
git-config,1,git
strlen,1,
updates,1,
uimodalpresentationformsh,1,
runtime-error,1,
simulation,1,
weak-references,1,
soft-references,1,
spring-aop,1,
pointcut,1,
opencl,1,
textarea,1,
tablerow,1,
clone,1,
instance,1,
difference-lists,1,
algebraic-data-types,1,
font-awesome,1,
extjs,2,javascript
alpha,1,
cluster-analysis,1,
euclidean-distance,1,
hdf5,1,
signal-processing,1,
ngfor,1,
git-fork,1,git
mean,1,
event-propagation,1,
redis,1,
lua,1,
explicit,1,
explicit-constructor,1,
cassandra,1,
twilio,1,
suffix-tree,1,
units-of-measurement,1,
dimension,1,
d,1,
ignore,1,
html-agility-pack,1,html
filesystems,1,
windows-phone-7,1,windows
sbt,1,
compact-framework,1,
git-index,1,git
azure-resource-manager,1,azure
arm-template,1,
semantic-versioning,1,
pixel,1,
xml-deserialization,1,xml
dimensions,1,
wix,1,
fault-tolerance,1,
css-transforms,1,css
using-declaration,1,
introspection,1,
android-animation,2,android
android-constraintlayout,1,android
rdd,1,
access-token,1,authentication
self-signed,1,
cakephp,1,php
combinations,1,
rowcount,1,
punctuation,1,
vscode-settings,1,
shadow,1,
box-shadow,1,
inline-styles,1,
encapsulation,1,
getattr,1,
equality-operator,1,software-programming-concepts
identity-operator,1,software-programming-concepts
getattribute,1,
redis-cli,1,
redis-commands,1,
template-meta-programming,1,
erlang,1,
line-intersection,1,
field,1,
apache-kafka,1,apache
kotlin-coroutines,1,
class-diagram,1,
disassembly,1,
innerhtml,1,html
svm,1,
dt,1,
center,1,
ggtitle,1,
iron-router,1,
export,1,
sas-macro,1,
nserror,1,
twitter-bootstrap-3,2,javascript
xhtml,2,html
placeholder,1,
beacon,1,
avd,1,
null-coalescing-operator,2,software-programming-concepts
synchronized,1,
pattern-matching,1,
network-programming,1,
hostname,1,
superclass,1,
sqlite,5,sql
protocol-handler,1,
automation,1,
itunes,1,
ansible-inventory,1,
eol,1,
migrate,1,
line-endings,1,
prototypejs,1,javascript
binding,1,
post-increment,1,
drupal,1,
android-imageview,1,android
android-alertdialog,1,android
x86-64,2,cpu-architecture
drupal-6,1,
graph,1,
higher-order-functions,1,
android-color,1,android
xquery,1,
rm,1,
cpan,1,
scrapy,1,python
pytest,1,python
this,1,
groovy,1,
instanceof,1,
ansible-facts,1,
backbone.js,2,javascript
nsuserdefaults,1,
nstimeinterval,1,
signtool,1,
scala-2.8,1,scala
appx,1,
assemblies,1,
asp.net-mvc-routing,2,.net
mv,1,
directive,1,
model-view-controller,1,
wstring,1,
objective-c-runtime,1,objective-c
android-architecture-components,1,android
ecmascript-harmony,1,
function-pointers,1,
jsx,1,javascript
calendar,1,
string-length,1,
mef,1,
subprocess,1,
push,1,
handlebars.js,1,javascript
numeric,1,
metaclass,1,
git-refspec,1,git
julia,1,
angular-cli,1,javascript
rstudio,1,
lazy-evaluation,1,
undefined,1,
h.264,1,
mp4,1,
full-text-search,1,
perforce,1,
actionscript-3,1,
equality,1,
rails-activerecord,1,
intersection,1,
mutation-observers,1,
uri,1,
rfc3986,1,
urn,1,
aggregate-functions,1,
sharepoint,1,
webmatrix,1,
reactive-programming,1,javascript
delimiter,1,
dom4j,1,
firefox-addon,1,
urlencode,1,
mips,1,
centering,1,
standards-compliance,1,
css-float,1,css
tail-recursion,1,
null-coalescing,1,
playframework,1,
moq,1,
ordinals,1,
preset,1,
one-definition-rule,1,
character-encoding,1,
jwt,1,
spring-security,1,
exit-code,1,
numpy-einsum,1,python
exit,1,
image-scaling,1,image-processing
accelerometer,1,
logrotate,1,
enterprise-integration,1,
redux-toolkit,1,
setstate,1,
testing,1,
nsurlsession,1,
autotools,1,
playframework-2.0,1,
pass-by-value,1,
home-directory,1,
alter-table,1,
vue-cli,1,
data-binding,1,
excel-2010,1,
anchor,1,
parameterized-unit-test,1,
iis-7,1,
time-precision,1,
milliseconds,1,
na,1,
caching,1,
utc,1,
pom.xml,1,xml
gem,1,
bcrypt,1,
sharedpreferences,1,
django-orm,1,python-django
string.format,1,
fish,1,
shiny,1,
ios-permissions,1,ios
void,1,
code-coverage,1,
jacoco,1,
xdebug,1,
stringstream,1,
tar,1,
utf-8,1,
parallel-processing,1,
stringbuilder,1,
ironruby,1,ruby
scrollview,1,
capture,1,
database-metadata,1,
xcode10,1,
android-3.0-honeycomb,1,android
macos-mojave,1,
tidyr,1,
django-migrations,1,python-django
monads,1,
unsigned-integer,1,
spl,1,
autoload,1,
pre-commit-hook,1,
puzzle,1,
rsa,1,
powerpoint,1,
pagination,1,
limit,1,
offset,1,
string-formatting,1,
nhibernate-mapping,1,
ld,1,
benchmarking,1,
fastcgi,1,
error-log,1,
listener,1,
monodevelop,1,
dynamic-invoke,1,
destructor,1,
pure-virtual,1,
kineticjs,1,javascript
lwjgl,1,
android-4.4-kitkat,1,android
framebuffer,1,
3d,1,
gdb,1,
puppet,1,
composer-php,1,php
xml-serialization,1,xml
xml-parsing,1,xml
android-scrollview,1,android
ms-word,1,
exe,1,
permissions,1,
g++,1,
scons,1,
console-application,1,
binary-search-tree,1,
xcodebuild,1,
alias,1,
spell-checking,1,
fetch-api,1,
igraph,1,
html-table,3,html
versioning,1,
excel-2007,1,
django-queryset,2,python-django
django-templates,1,python-django
django-forms,1,python-django
logcat,1,
suppress-warnings,1,
future-warning,1,
uiimageview,1,swift
model-binders,1,
computer-vision,1,
android-camera,1,android
mobile,1,
direct3d,1,
process-elevation,1,
pimpl-idiom,1,
information-hiding,1,
nestjs,1,javascript
access-modifiers,1,authentication
jenkins,1,
vscode-extensions,1,
transform,1,
animation,1,
android-memory,1,android
cdata,1,
ms-access-2013,1,cpp
hotkeys,1,
eventemitter,1,
xib,1,
pandas-groupby,2,python
label,1,
android-gradle-plugin,1,android
phpjs,1,php
axis-labels,1,
internationalization,1,
hsv,1,
post-build-event,1,
homestead,1,
sidebar,1,
interface,1,
jtree,1,
crash-dumps,1,
illegalstateexception,1,
cookbook,1,
lxml,1,xml
relative-date,1,
calling-convention,1,
user-agent,1,
nan,1,
nsnumber,1,
angularjs-directive,1,javascript
ubuntu-9.10,1,linux
android-widget,1,android
simulator,1,
preview,1,
aspect-ratio,1,
surfaceview,1,
profiler,1,
user-defined-functions,1,
graph-theory,1,
mootools,1,
jar,1,
android-open-accessory,1,android
bluebird,1,
ruby-on-rails-3.1,1,ruby
simple-form,1,
smart-pointers,1,
stack-memory,1,
numericupdown,1,
glossary,1,
readlines,1,
jboss7.x,1,
global-variables,1,
eclipse-indigo,1,
symfony-2.3,1,
scalability,1,scala
dispose,1,
query-builder,1,
database-schema,1,
vmware,1,
android-tablayout,1,android
xmldocument,1,xml
linker,1,
background,1,
except,1,
epoch,1,
zoneddatetime,1,
webview,1,
ionic3,1,
web-applications,1,
auto-increment,1,
case-class,1,
python-venv,2,python
xcode6,1,
xcode5,1,
android-asynctask,2,android
openframeworks,1,
keyboard,1,
amazon-iam,1,aws
onkeypress,1,
powershell-3.0,1,windows
operator-precedence,1,software-programming-concepts
element,1,
anonymous-types,1,
fpic,1,
pragma,1,
amazon-ecs,1,aws
variadic-macros,1,
android-recyclerview,1,android
apache-commons-httpclient,1,java
clang,1,
openmpi,1,
jdo,1,
gmail,1,
jakarta-mail,1,
mail-server,1,
timestamp,1,
cucumber,1,
mstest,1,
overriding,1,
session-variables,1,
int64,1,
virtualenv,1,
pinvoke,1,
python-curses,1,python
interop,1,
positioning,1,
terraform-provider-azure,1,azure
django-settings,1,python-django
plsqldeveloper,1,sql
hashtable,1,
httpurlconnection,1,http
youtube,1,
jlabel,1,
jpanel,1,
spaces,1,
stdmap,1,
performselector,1,
integer-overflow,1,
bitwise-xor,1,
tidyverse,1,
cil,1,
variadic,1,
return-value,1,
built-in,1,
icons,1,
global,1,
keyvaluepair,1,
expression-blend,1,
textblock,1,
numberformatexception,1,
tdd,1,
git-log,1,git
overload-resolution,1,
initializer-list,1,
constexpr,1,
double-click,1,
ormlite,1,
scrollpane,1,
helpers,1,
header-only,1,
symlink-traversal,1,
innodb,1,
msdeploy,1,
scheme,1,
dependent-type,1,
higher-rank-types,1,
android-spinner,1,android
responsive-design,1,
short,1,
time-series,1,
angularjs-digest,1,javascript
jquery-mobile,2,javascript
zoo,1,
pyyaml,1,python
python-imaging-library,1,data-analysis
v8,1,
upload,1,
listview,1,
url-encoding,1,
viewport,1,
android-volley,1,android
adsense,1,
amazon-cloudformation,1,aws
adblock,1,
sinon,1,
knitr,1,
touch,1,
thumbnails,1,
variadic-functions,1,
saml,1,
object-serialization,1,
php-5.3,1,php
header-files,1,
filestream,1,
delete-directory,1,
throws,1,
antialiasing,1,
code-behind,1,
qtableview,1,
row,1,
qabstracttablemodel,1,
kubernetes,1,kubernetes
language-construct,1,
memcached,1,
method-dispatch,1,
sql-order-by,1,sql
c#-to-f#,1,c#
cx-oracle,1,python
class-method,1,
spawn,1,
.net-4.5,1,.net
html-select,1,html
html.dropdownlistfor,1,html
monadplus,1,
c#-5.0,1,c#
foreign-keys,1,
api-key,1,
bundle,1,
uiimage,1,swift
subset,1,
apache-spark-standalone,1,apache
ng-repeat,1,
history,1,
undelete,1,
eclipse-pdt,1,
iasyncenumerable,1,
mongodb-update,1,mongodb
mongodb-.net-driver,2,.net
clisp,1,
sbcl,1,
dr.racket,1,
proxy-pattern,1,
jscrollpane,1,javascript
out-of-memory,1,
countdownlatch,1,
one-to-many,1,
dynamicform,1,
either,1,
resolution,1,
array-push,1,
typescript-typings,1,typescript
conflict,1,
facebook-php-sdk,1,php
dvcs,1,
entitymanager,1,
range,1,
class-transformer,1,
timing,1,
stopwatch,1,
customvalidator,1,
oledb,1,
ipython,2,python
short-circuiting,1,
printing,1,
docbook,1,
dtd,1,
angularjs-filter,1,javascript
guzzle,1,
git-blame,1,git
sqlplus,1,sql
inputstream,1,
ionic-framework,1,
ansible,1,
directions,1,
ternary-operator,1,software-programming-concepts
last-insert-id,1,
knockout-2.0,1,
karma-runner,1,
css-transitions,1,css
ttml,1,
uuid,1,
ruby-on-rails-5,1,ruby
quicksort,1,
powerpc,1,
text-editor,1,
zend-framework,1,
multi-index,1,
angular2-directives,1,javascript
asp.net-mvc-views,1,.net
simple-injector,1,
android-listview,2,android
file-format,1,
browser-cache,1,
asp.net-mvc-5,1,.net
gulp,1,
conduit,1,
gtkmm,1,
sql-injection,2,software-programming-concepts
lm,1,
partial-views,1,
dialog,1,
rownum,1,
where-clause,1,
maven-2,1,
oncreate,1,
special-characters,1,
replication,1,
closures,1,
crud,1,
data-modeling,1,
project,1,
mongo-shell,1,mongodb
startswith,1,
geolocation,1,
typescript-generics,1,typescript
quotations,1,
actionfilterattribute,1,
ecmascript-5,1,
type-providers,1,
azure-servicebus-queues,1,azure
elasticsearch-dsl,1,
azure-log-analytics,1,azure
data-wrangling,1,
core-graphics,1,
color-scheme,1,
uicolor,1,
existential-type,1,
quantifiers,1,
com,1,
impersonation,1,
relative-path,1,
absolute-path,1,
single-sign-on,1,
wif,1,
repository-pattern,1,
pg,1,
drawer,1,
navigation-drawer,1,
back,1,
onbackpressed,1,
pull-request,1,
boolean,1,
aes,1,
nsbundle,1,
xcode7-beta4,1,
scala-java-interop,1,java
junit4,1,
rust-proc-macros,1,
divide,1,
version,1,
package,1,
c++17,1,cpp
unicorn,1,
carrierwave,1,
puma,1,
clipboard,1,
scanf,1,
segmentation-fault,1,
powershell-v6.0,1,windows
powershell-core,1,windows
laravel-5.1,1,
android-jetpack-navigation,1,android
nscalendar,1,
facelets,1,
null-pointer,1,
opentype,1,
tortoisesvn,1,
webstorm,1,
raspberry-pi,1,
gcc6,1,
group-concat,1,
w3c,1,
memset,1,
equivalent,1,
keymapping,1,
inner-classes,1,
ofstream,1,
sql-scripts,1,sql
underscore.js,1,javascript
windows-installer,2,windows
autoformatting,1,
text-size,1,
notepad++,1,
prepared-statement,1,
href,1,
process-management,1,
continuous-integration,1,
geocoding,1,
panoramio,1,
bigtable,1,
sencha-touch,1,
xamarin,1,
forms-authentication,1,
slf4j,1,
jakarta-ee,1,
mouse-cursor,1,
sumifs,1,
match,1,
phpmyadmin,1,php
mysql-error-150,1,sql
countif,1,
rake,1,
jsdoc,1,javascript
task,1,
iterable-unpacking,1,
rspec2,1,
wordpress,1,
reference-manual,1,
cstring,1,
palindrome,1,
telerik,1,
grammar,1,
apache-flex,1,apache
callback,1,
actionbarsherlock,1,
keydown,1,
codeigniter,1,
transactions,1,
anti-patterns,1,
scala-2.10,1,scala
elements,1,
browser-history,1,
lit-element,1,
restkit,1,
mainframe,1,
datagridview,1,
row-height,1,
cgaffinetransform,1,
power-management,1,
spring-data,1,
python-2.x,1,python
putty,1,
linq-query-syntax,1,linq
diacritics,1,
uibezierpath,1,
highcharts,1,
enumerate,1,
icomparable,1,
equation,1,
exp,1,
thread-safety,1,
guid,1,
material-ui,1,
textbox,1,
passwordbox,1,
paradigms,1,
redis-py,1,python
levenshtein-distance,1,
nsarray,1,
java-9,1,java
java-module,1,java
java-platform-module-system,1,java
nsvaluetransformer,1,
junit5,1,
cd,1,
directory-structure,1,
private-members,1,
ublas,1,
json-deserialization,1,javascript
boost-ublas,1,
x-ua-compatible,1,
favicon,1,
bar-chart,1,
lubridate,1,
autorelease,1,
federated-identity,1,
federation,1,
minidom,1,
build,1,
directory-security,1,
dpkg,1,
debhelper,1,
refactoring,1,
.net-4.0,1,.net
lazy-loading,1,
apollo-client,1,
agile,1,agile
charts,1,
jnlp,1,
project-management,1,
scrum,1,agile
java-web-start,1,java
user-stories,1,
chart.js,1,javascript
react-router-relay,1,javascript
web-scripting,1,
attr,1,
encoding,1,
redhat,1,
stdout,1,
templating,1,
configuration-management,1,
packer,1,
idempotent,1,
md5sum,1,
pymongo,1,mongodb
sonarqube,1,
rhel6,1,
slack,1,
cpu-usage,1,
overloading,1,
fs,1,
bounded-wildcard,1,
freebsd,1,
chmod,1,
bundler,1,
macros,1,
uialertsheet,1,
silverlight,1,
tryparse,1,
isnumeric,1,
request.querystring,1,http
artifactory,1,
flowtype,1,
font-size,1,
modularity,1,
visualvm,1,
user-input,1,
worklight-runtime,1,
robolectric,1,
dns,1,
port,1,
protocols,1,
ninject,1,
value-type,1,
rds,1,
nextval,1,
common-table-expression,1,
unsigned,1,
unique-ptr,1,
nio,1,
copy,1,
java1.4,1,java
literals,1,
variable-declaration,1,software-programming-concepts
assign,1,
cout,1,cpp
